name,price,description,in_stock,reviews
Кондиционер ARG CSH-09DO (инст.комплект),17790,Холодопроизводительность: 9000 BTU (2.6 кВт)  / Рекомендуемая площадь помещения: 27 м² / Тип компрессора: Стандартный  / Монтажный комплект (инсталляция): Да  / Инверторная технология: Нет  / Цвет: Белый  / Максимальный уровень шума внутреннего блока: 40 Дб / Наличие фреона: Да,Есть в наличии,
Кондиционер ARG CSH-12DO (инст.комплект),23790,Холодопроизводительность: 12000 BTU (3.5 кВт)  / Рекомендуемая площадь помещения: 36 м² / Тип компрессора: Стандартный  / Монтажный комплект (инсталляция): Да  / Инверторная технология: Нет  / Цвет: Белый  / Максимальный уровень шума внутреннего блока: 42 Дб / Наличие фреона: Да,На витрине,
"Кондиционер ARG CSD-09QD (Inverter, Wi-Fi, инст.)",25490,Холодопроизводительность: 9000 BTU (2.6 кВт)  / Рекомендуемая площадь помещения: 27 м² / Тип компрессора: Инверторный  / Монтажный комплект (инсталляция): Да  / Инверторная технология: Да  / Цвет: Белый  / Максимальный уровень шума внутреннего блока: 37 Дб / Наличие фреона: Да,Есть в наличии,
"Кондиционер ARG CSD-12QD (Inverter, Wi-Fi, инст.)",29690,Холодопроизводительность: 12000 BTU (3.5 кВт)  / Рекомендуемая площадь помещения: 36 м² / Тип компрессора: Инверторный  / Монтажный комплект (инсталляция): Да  / Инверторная технология: Да  / Цвет: Белый  / Максимальный уровень шума внутреннего блока: 39 Дб / Наличие фреона: Да,Есть в наличии,
Кондиционер Acron Plus CSH-12DR (инст.комплект),18690,Холодопроизводительность: 12000 BTU (3.5 кВт)  / Рекомендуемая площадь помещения: 36 м² / Тип компрессора: Стандартный  / Монтажный комплект (инсталляция): Да  / Инверторная технология: Нет  / Цвет: Белый  / Максимальный уровень шума внутреннего блока: 38 Дб / Наличие фреона: Да,Есть в наличии,
Кондиционер Haier HSU-12HCM403/R3(DB)-IN+HSU-12HCM403/R3(DB)-OUT,35590,Холодопроизводительность: 12000 BTU (3.5 кВт)  / Рекомендуемая площадь помещения: 35 м² / Тип компрессора: Инверторный  / Монтажный комплект (инсталляция): Да  / Инверторная технология: Да  / Цвет: Белый  / Максимальный уровень шума внутреннего блока: 38 Дб / Наличие фреона: Да,Есть в наличии,
Кондиционер Samsung WindFree AR60F09C1DWNER+AR60F09C1DWXER,44490,"Холодопроизводительность: 8500 BTU (2,5 кВт)  / Рекомендуемая площадь помещения: 27 м² / Тип компрессора: Инверторный  / Монтажный комплект (инсталляция): Нет  / Инверторная технология: Да  / Цвет: Белый  / Максимальный уровень шума внутреннего блока: 19 Дб / Наличие фреона: Да",Есть в наличии,
Кондиционер Haier HSU-09HRM503/R3-IN+HSU-09HRM503/R3-OUT,23790,Холодопроизводительность: 9000 BTU (2.6 кВт)  / Рекомендуемая площадь помещения: 27 м² / Тип компрессора: Стандартный  / Монтажный комплект (инсталляция): Да  / Инверторная технология: Нет  / Цвет: Белый  / Максимальный уровень шума внутреннего блока: 37 Дб / Наличие фреона: Да,На витрине,
Кондиционер Samsung AR09TXHQASINUA,31990,Холодопроизводительность: 9000 BTU (2.6 кВт)  / Рекомендуемая площадь помещения: 27 м² / Тип компрессора: Инверторный  / Монтажный комплект (инсталляция): Нет  / Инверторная технология: Да  / Цвет: Белый  / Максимальный уровень шума внутреннего блока: 28 Дб / Наличие фреона: Да,Есть в наличии,
Кондиционер Samsung WindFree AR60F12C1DWNER+AR60F12C1DWXER,56790,Холодопроизводительность: 12000 BTU (3.5 кВт)  / Рекомендуемая площадь помещения: 36 м² / Тип компрессора: Инверторный  / Монтажный комплект (инсталляция): Нет  / Инверторная технология: Да  / Цвет: Белый  / Максимальный уровень шума внутреннего блока: 19 Дб / Наличие фреона: Да,Есть в наличии,
Кондиционер ARG CSH-24DO (инст.комплект),42390,Холодопроизводительность: 24000 BTU (7.0 кВт)  / Рекомендуемая площадь помещения: 72 м² / Тип компрессора: Стандартный  / Монтажный комплект (инсталляция): Да  / Инверторная технология: Нет  / Цвет: Белый  / Максимальный уровень шума внутреннего блока: 44 Дб / Наличие фреона: Да,Есть в наличии,
Кондиционер Haier HSU-18HCM403/R3(DB)-IN+HSU-18HCM403/R3(DB)-OUT,49190,Холодопроизводительность: 18000 BTU (5.3 кВт)  / Рекомендуемая площадь помещения: 50 м² / Тип компрессора: Инверторный  / Монтажный комплект (инсталляция): Да  / Инверторная технология: Да  / Цвет: Белый  / Максимальный уровень шума внутреннего блока: 44 Дб / Наличие фреона: Да,Есть в наличии,
Кондиционер Haier HSU-12HRM503/R3-IN+HSU-12HRM503/R3-OUT,28890,Холодопроизводительность: 12000 BTU (3.5 кВт)  / Рекомендуемая площадь помещения: 35 м² / Тип компрессора: Стандартный  / Монтажный комплект (инсталляция): Да  / Инверторная технология: Нет  / Цвет: Белый  / Максимальный уровень шума внутреннего блока: 39 Дб / Наличие фреона: Да,Есть в наличии,
Кондиционер Electrolux EACS-09HAT/N3_21Y,22090,Холодопроизводительность: 9000 BTU (2.6 кВт)  / Рекомендуемая площадь помещения: 27 м² / Тип компрессора: Стандартный  / Монтажный комплект (инсталляция): Нет  / Инверторная технология: Нет  / Цвет: Белый  / Максимальный уровень шума внутреннего блока: 27 Дб / Наличие фреона: Да,На витрине,
Кондиционер ARG CSH-09BA,17790,Холодопроизводительность: 9000 BTU (2.6 кВт)  / Рекомендуемая площадь помещения: 27 м² / Тип компрессора: Стандартный  / Монтажный комплект (инсталляция): Да  / Инверторная технология: Нет  / Цвет: Белый  / Максимальный уровень шума внутреннего блока: 40 Дб / Наличие фреона: Да,На витрине,
"Кондиционер ARG SoftWind CSD-09EC (Inverter, Wi-Fi, инсталляция) Graphite",35590,Холодопроизводительность: 9000 BTU (2.6 кВт)  / Рекомендуемая площадь помещения: 27 м² / Тип компрессора: Инверторный  / Монтажный комплект (инсталляция): Да  / Инверторная технология: Да  / Цвет: Графит  / Максимальный уровень шума внутреннего блока: 42 Дб / Наличие фреона: Да,Есть в наличии,
"Кондиционер ARG CSD-18QD (Inverter, Wi-Fi, инст.)",44090,Холодопроизводительность: 18000 BTU (5.3 кВт)  / Рекомендуемая площадь помещения: 54 м² / Тип компрессора: Инверторный  / Монтажный комплект (инсталляция): Да  / Инверторная технология: Да  / Цвет: Белый  / Максимальный уровень шума внутреннего блока: 42 Дб / Наличие фреона: Да,Есть в наличии,
Кондиционер ARG CSH-18BA,35590,Холодопроизводительность: 18000 BTU (5.3 кВт)  / Рекомендуемая площадь помещения: 54 м² / Тип компрессора: Стандартный  / Монтажный комплект (инсталляция): Да  / Инверторная технология: Нет  / Цвет: Белый  / Максимальный уровень шума внутреннего блока: 44 Дб / Наличие фреона: Да,Есть в наличии,
Кондиционер ARG CSH-18DO (инст.комплект),35590,Холодопроизводительность: 18000 BTU (5.3 кВт)  / Рекомендуемая площадь помещения: 54 м² / Тип компрессора: Стандартный  / Монтажный комплект (инсталляция): Да  / Инверторная технология: Нет  / Цвет: Белый  / Максимальный уровень шума внутреннего блока: 42 Дб / Наличие фреона: Да,Есть в наличии,
Кондиционер Samsung AR18BXHQASINUA,49990,Холодопроизводительность: 18000 BTU (5.3 кВт)  / Рекомендуемая площадь помещения: 54 м² / Тип компрессора: Инверторный  / Монтажный комплект (инсталляция): Нет  / Инверторная технология: Да  / Цвет: Белый  / Максимальный уровень шума внутреннего блока: 30 Дб / Наличие фреона: Да,На витрине,
Кондиционер Acron Plus CSH-09DO,18690,Холодопроизводительность: 9000 BTU (2.6 кВт)  / Рекомендуемая площадь помещения: 27 м² / Тип компрессора: Стандартный  / Монтажный комплект (инсталляция): Да  / Инверторная технология: Нет  / Цвет: Белый  / Максимальный уровень шума внутреннего блока: 38 Дб / Наличие фреона: Да,Есть в наличии,
Кондиционер Haier HSU-09HCM403/R3(DB)-IN + HSU-09HCM403/R3(DB)-OUT-K,32290,Холодопроизводительность: 9000 BTU (2.6 кВт)  / Рекомендуемая площадь помещения: 27 м² / Тип компрессора: Инверторный  / Монтажный комплект (инсталляция): Да  / Инверторная технология: Да  / Цвет: Белый  / Максимальный уровень шума внутреннего блока: 36 Дб / Наличие фреона: Да,Есть в наличии,
Холодильник Haier CEF535ASD,34990,Тип холодильника: С нижней морозильной камерой  / Общий объем: 346 л / Габариты (Ш х Г х В): 59.5х65х190 см / Система разморозки No Frost: Да  / Класс энергопотребления: A,Есть в наличии,
Холодильник Indesit DS4180W,32290,Тип холодильника: С нижней морозильной камерой  / Общий объем: 310 л / Габариты (Ш х Г х В): 60х64х185 см / Система разморозки No Frost: Нет  / Класс энергопотребления: A,Есть в наличии,
Холодильник Indesit DS 4160 W,30590,Тип холодильника: С нижней морозильной камерой  / Общий объем: 278 л / Габариты (Ш х Г х В): 60х64х167 см / Система разморозки No Frost: Нет  / Класс энергопотребления: A,Есть в наличии,
Холодильник Samsung RB30A30N0SA/WT,49990,Тип холодильника: С нижней морозильной камерой  / Общий объем: 322 л / Габариты (Ш х Г х В): 59.5х67.5х178 см / Система разморозки No Frost: Да  / Класс энергопотребления: A+,Есть в наличии,
Холодильник LG GC-B459MLWM,48390,Тип холодильника: С нижней морозильной камерой  / Общий объем: 374 л / Габариты (Ш х Г х В): 59.5х68.2х186 см / Система разморозки No Frost: Да  / Класс энергопотребления: A++,На витрине,
Холодильник Haier CEF535AWD,35590,Тип холодильника: С нижней морозильной камерой  / Общий объем: 346 л / Габариты (Ш х Г х В): 59.5х65х190 см / Система разморозки No Frost: Да  / Класс энергопотребления: A,На витрине,
Холодильник ARG WRF135F,16990,Тип холодильника: С верхней морозильной камерой  / Общий объем: 135 л / Габариты (Ш х Г х В): 44х47х131 см / Система разморозки No Frost: Нет  / Класс энергопотребления: A+,Есть в наличии,
Холодильник Indesit DS 4180 G,33890,Тип холодильника: С нижней морозильной камерой  / Общий объем: 332 л / Габариты (Ш х Г х В): 60х62х185 см / Система разморозки No Frost: Нет  / Класс энергопотребления: A,Есть в наличии,
Холодильник Haier C4F640CXU1,54290,Тип холодильника: С нижней морозильной камерой  / Общий объем: 400 л / Габариты (Ш х Г х В): 59.5х68.2х200 см / Система разморозки No Frost: Да  / Класс энергопотребления: A+,Есть в наличии,
Холодильник Indesit DS 4200 W,33890,Тип холодильника: С нижней морозильной камерой  / Общий объем: 361 л / Габариты (Ш х Г х В): 60х64х200 см / Система разморозки No Frost: Нет  / Класс энергопотребления: A,Есть в наличии,
Холодильник Samsung RB37A5200SA/WT,52490,Тип холодильника: С нижней морозильной камерой  / Общий объем: 387 л / Габариты (Ш х Г х В): 59.5х64.7х201 см / Система разморозки No Frost: Да  / Класс энергопотребления: A+,Есть в наличии,
Холодильник LG GC-B459MEWM,49190,Тип холодильника: С нижней морозильной камерой  / Общий объем: 374 л / Габариты (Ш х Г х В): 59.5х68.2х186 см / Система разморозки No Frost: Да  / Класс энергопотребления: A++,На витрине,
Холодильник Samsung RB33A32N0EL/WT,48990,Тип холодильника: С нижней морозильной камерой  / Общий объем: 350 л / Габариты (Ш х Г х В): 59.5х67.5х185 см / Система разморозки No Frost: Да  / Класс энергопотребления: A+,На витрине,
Холодильник LG GC-B399SMCL,49190,Тип холодильника: С нижней морозильной камерой  / Общий объем: 306 л / Габариты (Ш х Г х В): 59.5х68.2х172 см / Система разморозки No Frost: Да  / Класс энергопотребления: A++,Есть в наличии,
Холодильник LG GC-B509MLWM,55990,Тип холодильника: С нижней морозильной камерой  / Общий объем: 419 л / Габариты (Ш х Г х В): 59.5х68.2х203 см / Система разморозки No Frost: Да  / Класс энергопотребления: A++,На витрине,
Холодильник Samsung RB30A30N0WW/WT,49190,Тип холодильника: С нижней морозильной камерой  / Общий объем: 322 л / Габариты (Ш х Г х В): 59.5х67.5х178 см / Система разморозки No Frost: Да  / Класс энергопотребления: A+,Есть в наличии,
Холодильник Haier C4F637CFMRGU1,44090,Тип холодильника: С нижней морозильной камерой  / Общий объем: 372 л / Габариты (Ш х Г х В): 59.5х68.2х190 см / Система разморозки No Frost: Да  / Класс энергопотребления: A+,Есть в наличии,
Холодильник LG GC-B509MEWM,54990,Тип холодильника: С нижней морозильной камерой  / Общий объем: 419 л / Габариты (Ш х Г х В): 59.5х68.2х203 см / Система разморозки No Frost: Да  / Класс энергопотребления: A++,Есть в наличии,
Холодильник LG GC-B399SQCL,48390,Тип холодильника: С нижней морозильной камерой  / Общий объем: 306 л / Габариты (Ш х Г х В): 59.5х68.2х172 см / Система разморозки No Frost: Да  / Класс энергопотребления: A+,На витрине,
Холодильник Samsung RB33A32N0WW/WT,46990,Тип холодильника: С нижней морозильной камерой  / Общий объем: 350 л / Габариты (Ш х Г х В): 59.5х67.5х185 см / Система разморозки No Frost: Да  / Класс энергопотребления: A+,На витрине,
Холодильник Haier C4F640CWU1,50890,Тип холодильника: С нижней морозильной камерой  / Общий объем: 400 л / Габариты (Ш х Г х В): 59.5х68.2х200 см / Система разморозки No Frost: Да  / Класс энергопотребления: A+,Есть в наличии,
Холодильник Haier C2F637CFMVU1,52590,Тип холодильника: С нижней морозильной камерой  / Общий объем: 386 л / Габариты (Ш х Г х В): 59.5х67.2х199.8 см / Система разморозки No Frost: Да  / Класс энергопотребления: A+,Есть в наличии,
Морозильный ларь ARG MF-256,18690,"Тип: Морозильный ларь  / Полезный объем: 254 л / Габариты (Г х В х Ш): 555 x 840 x 1035 мм / Глубина: 555 мм / Высота: 840 мм / Ширина: 1035 мм / Тип управления: Механическое  / Система размораживания: De Frost  / Дисплей: Нет  / Климатический класс: N, SN, ST, T  / Хладагент: R600a  / Перенавешиваемые двери: Нет",Есть в наличии,
Морозильная камера ARG BD-180,24590,"Тип: Морозильная камера  / Полезный объем: 176 л / Габариты (Г х В х Ш): 565 x 1440 x 545 мм / Глубина: 565 мм / Высота: 1440 мм / Ширина: 545 мм / Тип управления: Механическое  / Система размораживания: De Frost  / Дисплей: Нет  / Климатический класс: ST, T  / Хладагент: R600a  / Перенавешиваемые двери: Нет",Есть в наличии,
Морозильная камера Indesit DSZ 5175,33890,Тип: Морозильная камера  / Полезный объем: 261 л / Габариты (Г х В х Ш): 620 x 1750 x 600 мм / Глубина: 620 мм / Высота: 1750 мм / Ширина: 600 мм / Тип управления: Механическое  / Система размораживания: Ручная  / Дисплей: Нет  / Климатический класс: SN-N-ST-T  / Хладагент: R600a  / Перенавешиваемые двери: Да,Есть в наличии,
Морозильный ларь Haier HCE200R,20990,"Тип: Морозильный ларь  / Полезный объем: 197 л / Габариты (Г х В х Ш): 555 x 845 x 820 мм / Глубина: 555 мм / Высота: 845 мм / Ширина: 820 мм / Тип управления: Электронное  / Система размораживания: Ручная  / Дисплей: Да  / Климатический класс: N, SN, ST, T  / Хладагент: R600a  / Перенавешиваемые двери: Нет",Есть в наличии,
Морозильный ларь ARG MF-330CS,25490,"Тип: Морозильный ларь  / Полезный объем: 330 л / Габариты (Г х В х Ш): 592 x 844 x 1065 мм / Глубина: 592 мм / Высота: 844 мм / Ширина: 1065 мм / Тип управления: Механическое  / Система размораживания: De Frost  / Дисплей: Нет  / Климатический класс: N, SN, ST, T  / Хладагент: R600a  / Перенавешиваемые двери: Нет",Есть в наличии,
Морозильный ларь Haier HCE100R,15990,"Тип: Морозильный ларь  / Полезный объем: 98 л / Габариты (Г х В х Ш): 490 x 845 x 545 мм / Глубина: 490 мм / Высота: 845 мм / Ширина: 545 мм / Тип управления: Электронное  / Система размораживания: Ручная  / Дисплей: Да  / Климатический класс: N, SN, ST, T  / Хладагент: R600a  / Перенавешиваемые двери: Нет",На витрине,
Морозильная камера Haier HF-284WG,46490,Тип: Морозильная камера  / Полезный объем: 255 л / Габариты (Г х В х Ш): 630 x 1642 x 595 мм / Глубина: 630 мм / Высота: 1642 мм / Ширина: 595 мм / Тип управления: Электронное  / Система размораживания: No Frost  / Дисплей: Да  / Климатический класс: SN-T  / Хладагент: R600a  / Перенавешиваемые двери: Да,На витрине,
Морозильный ларь Haier HCE301R,28990,"Тип: Морозильный ларь  / Полезный объем: 301 л / Габариты (Г х В х Ш): 615 x 845 x 1110 мм / Глубина: 615 мм / Высота: 845 мм / Ширина: 1110 мм / Тип управления: Электронное  / Система размораживания: Ручная  / Дисплей: Да  / Климатический класс: N, SN, ST, T  / Хладагент: R600a  / Перенавешиваемые двери: Нет",Есть в наличии,
Морозильный ларь Haier HCE150R,17990,"Тип: Морозильный ларь  / Полезный объем: 139 л / Габариты (Г х В х Ш): 555 x 845 x 630 мм / Глубина: 555 мм / Высота: 845 мм / Ширина: 630 мм / Тип управления: Электронное  / Система размораживания: Ручная  / Дисплей: Да  / Климатический класс: N, SN, ST, T  / Хладагент: R600a  / Перенавешиваемые двери: Нет",На витрине,
Морозильный ларь ARG BC/BD-300W2,22090,"Тип: Морозильный ларь  / Полезный объем: 300 л / Габариты (Г х В х Ш): 608 x 835 x 1125 мм / Глубина: 608 мм / Высота: 835 мм / Ширина: 1125 мм / Тип управления: Механическое  / Система размораживания: De Frost  / Дисплей: Нет  / Климатический класс: N, SN, ST, T  / Хладагент: R600a  / Перенавешиваемые двери: Нет",Есть в наличии,
Морозильная камера Haier HF-82WAA,23990,Тип: Морозильная камера  / Полезный объем: 82 л / Габариты (Г х В х Ш): 500 x 840 x 550 мм / Глубина: 500 мм / Высота: 840 мм / Ширина: 550 мм / Тип управления: Электронное  / Система размораживания: Ручная  / Дисплей: Да  / Климатический класс: SN-T  / Хладагент: R600a  / Перенавешиваемые двери: Да,Есть в наличии,
Морозильный ларь Haier HCE430RF,45490,"Тип: Морозильный ларь  / Полезный объем: 424 л / Габариты (Г х В х Ш): 745 x 845 x 1410 мм / Глубина: 745 мм / Высота: 845 мм / Ширина: 1410 мм / Тип управления: Электронное  / Система размораживания: Ручная  / Дисплей: Да  / Климатический класс: N, SN, ST, T  / Хладагент: R600a  / Перенавешиваемые двери: Нет",Есть в наличии,
Морозильный ларь Haier HCE251R,29990,"Тип: Морозильный ларь  / Полезный объем: 251 л / Габариты (Г х В х Ш): 615 x 845 x 940 мм / Глубина: 615 мм / Высота: 845 мм / Ширина: 940 мм / Тип управления: Электронное  / Система размораживания: Ручная  / Дисплей: Да  / Климатический класс: N, SN, ST, T  / Хладагент: R600a  / Перенавешиваемые двери: Нет",Есть в наличии,
Морозильный ларь Haier HCE520RF,62790,"Тип: Морозильный ларь  / Полезный объем: 516 л / Габариты (Г х В х Ш): 745 x 845 x 1650 мм / Глубина: 745 мм / Высота: 845 мм / Ширина: 1650 мм / Тип управления: Электронное  / Система размораживания: Ручная  / Дисплей: Да  / Климатический класс: N, SN, ST, T  / Хладагент: R600a  / Перенавешиваемые двери: Нет",Есть в наличии,
Морозильный ларь Gorenje FHC42A6W,37290,Тип: Морозильный ларь  / Полезный объем: 420 л / Габариты (Г х В х Ш): 721 x 850 x 1448 мм / Глубина: 721 мм / Высота: 850 мм / Ширина: 1448 мм / Тип управления: Электронное  / Система размораживания: De Frost  / Дисплей: Да  / Климатический класс: SN-N-ST-T  / Хладагент: R600a  / Перенавешиваемые двери: Нет,Есть в наличии,
Морозильная камера Haier HF260WG,33990,Тип: Морозильная камера  / Полезный объем: 248 л / Габариты (Г х В х Ш): 630 x 1455 x 595 мм / Глубина: 630 мм / Высота: 1455 мм / Ширина: 595 мм / Тип управления: Механическое  / Система размораживания: Ручная  / Дисплей: Нет  / Климатический класс: ST  / Хладагент: R600a  / Перенавешиваемые двери: Да,На витрине,
Морозильная камера Haier HF-242WG,39990,Тип: Морозильная камера  / Полезный объем: 215 л / Габариты (Г х В х Ш): 630 x 1447 x 595 мм / Глубина: 630 мм / Высота: 1447 мм / Ширина: 595 мм / Тип управления: Электронное  / Система размораживания: No Frost  / Дисплей: Да  / Климатический класс: SN-T  / Хладагент: R600a  / Перенавешиваемые двери: Да,На витрине,
Морозильный ларь ARG BC/BD-400KPA,32290,"Тип: Морозильный ларь  / Полезный объем: 400 л / Габариты (Г х В х Ш): 730 x 840 x 1254 мм / Глубина: 730 мм / Высота: 840 мм / Ширина: 1254 мм / Тип управления: Механическое  / Система размораживания: De Frost  / Дисплей: Нет  / Климатический класс: N, SN, ST, T  / Хладагент: R600a  / Перенавешиваемые двери: Нет",На витрине,
Смартфон Apple iPhone 17 Pro 12/256GB Silver,141890,Объем оперативной памяти: 12 GB / Объем встроенной памяти: 256 GB  / Емкость аккумулятора: 3988 мА*ч / Тип матрицы: OLED Super Retina XDR Display  / Габариты (В х Ш х Г): 8.75 х 71.9 х 150 мм,Есть в наличии,
Смартфон Apple iPhone 15 6/128GB Black,75290,Объем оперативной памяти: 6 GB / Объем встроенной памяти: 128 GB  / Емкость аккумулятора: 3349 мА*ч / Тип матрицы: Super Retina XDR  / Габариты (В х Ш х Г): 7.8 х 71.6 х 159.9 мм,Есть в наличии,
Смартфон Apple iPhone 17 8/256GB Black,102290,Объем оперативной памяти: 8 GB / Объем встроенной памяти: 256 GB  / Емкость аккумулятора: 3692 мА*ч / Тип матрицы: OLED Super Retina XDR Display  / Габариты (В х Ш х Г): 7.95 х 71.5 х 149.6 мм,Есть в наличии,
Смартфон Samsung Galaxy A07 6/128GB Black SM-A075FZKHSKZ Galaxy A07 6/128GB Black SM-A075FZKHSKZ,11890,Объем оперативной памяти: 6 GB / Объем встроенной памяти: 128 GB  / Емкость аккумулятора: 5000 мА*ч / Тип матрицы: PLS LCD  / Габариты (В х Ш х Г): 7.6 х 77.4 х 167.4 мм,На витрине,
Смартфон Apple iPhone 17 Pro 12/256GB Cosmic Orange,141590,Объем оперативной памяти: 12 GB / Объем встроенной памяти: 256 GB  / Емкость аккумулятора: 3988 мА*ч / Тип матрицы: OLED Super Retina XDR Display  / Габариты (В х Ш х Г): 8.75 х 71.9 х 150 мм,Есть в наличии,
Смартфон Samsung Galaxy A17 8/256GB Black SM-A175FZKOSKZ,19290,Объем оперативной памяти: 8 GB / Объем встроенной памяти: 256 GB  / Емкость аккумулятора: 5000 мА*ч / Тип матрицы: Super AMOLED  / Габариты (В х Ш х Г): 7.5 х 77.9 х 164.4 мм,На витрине,
Смартфон Apple iPhone 16 8/128GB Black,87490,Объем оперативной памяти: 8 GB / Объем встроенной памяти: 128 GB  / Емкость аккумулятора: 3477 мА*ч / Тип матрицы: OLED  / Габариты (В х Ш х Г): 7.8 х 71.6 х 147.6 мм,Есть в наличии,
Смартфон Apple iPhone 17 Pro Max 12/256GB Deep Blue,152390,Объем оперативной памяти: 12 GB / Объем встроенной памяти: 256 GB  / Емкость аккумулятора: 5088 мА*ч / Тип матрицы: OLED Super Retina XDR Display  / Габариты (В х Ш х Г): 8.75 х 78 х 163.4 мм,Есть в наличии,
Смартфон Huawei Nova 15 Max 8/256G Blush Gold,30490,Объем оперативной памяти: 8 GB / Объем встроенной памяти: 256 GB  / Емкость аккумулятора: 8500 мА*ч / Тип матрицы: OLED  / Габариты (В х Ш х Г): 8 х 78 х 163.3 мм,На витрине,
Смартфон Samsung Galaxy A26 5G 8/256GB Black,25490,Объем оперативной памяти: 8 GB / Объем встроенной памяти: 256 GB  / Емкость аккумулятора: 5000 мА*ч / Тип матрицы: Super AMOLED  / Габариты (В х Ш х Г): 7.7 х 77.5 х 164 мм,На витрине,
Смартфон Samsung Galaxy A07 6/128GB Lavender SM-A075FLVHSKZ,11890,Объем оперативной памяти: 6 GB / Объем встроенной памяти: 128 GB  / Емкость аккумулятора: 5000 мА*ч / Тип матрицы: PLS LCD  / Габариты (В х Ш х Г): 7.6 х 77.4 х 167.4 мм,На витрине,
Смартфон Samsung Galaxy A36 5G 256GB White (SM-A366EZAGSKZ),30490,Объем оперативной памяти: 8 GB / Объем встроенной памяти: 256 GB  / Емкость аккумулятора: 5000 мА*ч / Тип матрицы: Super AMOLED  / Габариты (В х Ш х Г): 7.4 х 78.2 х 162 мм,Есть в наличии,
Смартфон Samsung Galaxy A17 128GB Black SM-A175FZKCSKZ,16990,Объем оперативной памяти: 6 GB / Объем встроенной памяти: 128 GB  / Емкость аккумулятора: 5000 мА*ч / Тип матрицы: Super AMOLED  / Габариты (В х Ш х Г): 7.5 х 77.9 х 164.4 мм,На витрине,
Смартфон Samsung Galaxy A57 5G 8/256GB Gray,42390,Объем оперативной памяти: 8 GB / Объем встроенной памяти: 256 GB  / Емкость аккумулятора: 5000 мА*ч / Тип матрицы: Super AMOLED Plus  / Габариты (В х Ш х Г): 6.9 х 76.8 х 161.5 мм,На витрине,
Смартфон Samsung Galaxy A07 4/64GB Black SM-A075FZKDSKZ,10090,Объем оперативной памяти: 4 GB / Объем встроенной памяти: 64 GB  / Емкость аккумулятора: 5000 мА*ч / Тип матрицы: PLS LCD  / Габариты (В х Ш х Г): 7.6 х 77.4 х 167.4 мм,На витрине,
Смартфон Apple iPhone 13 4/128GB Midnight,55090,Объем оперативной памяти: 4 GB / Объем встроенной памяти: 128 GB  / Емкость аккумулятора: 3095 мА*ч / Тип матрицы: Super Retina XDR  / Габариты (В х Ш х Г): 7.65 х 71.5 х 146.7 мм,Есть в наличии,
Смартфон Samsung Galaxy A17 8/256GB Gray SM-A175FZAOSKZ,20290,Объем оперативной памяти: 8 GB / Объем встроенной памяти: 256 GB  / Емкость аккумулятора: 5000 мА*ч / Тип матрицы: Super AMOLED  / Габариты (В х Ш х Г): 7.5 х 77.9 х 164.4 мм,Есть в наличии,
Смартфон Samsung Galaxy A07 6/128GB Light Green SM-A075FZGHSKZ,11890,Объем оперативной памяти: 6 GB / Объем встроенной памяти: 128 GB  / Емкость аккумулятора: 5000 мА*ч / Тип матрицы: PLS LCD  / Габариты (В х Ш х Г): 7.6 х 77.4 х 167.4 мм,На витрине,
Смартфон Samsung Galaxy S25 12/128GB Navy,66990,Объем оперативной памяти: 12 GB / Объем встроенной памяти: 128 GB  / Емкость аккумулятора: 4000 мА*ч / Тип матрицы: Dynamic AMOLED 2X  / Габариты (В х Ш х Г): 7.2 х 70.5 х 146.9 мм,Есть в наличии,
Смартфон Apple iPhone 15 6/256GB Black,91090,Объем оперативной памяти: 6 GB / Объем встроенной памяти: 256 GB  / Емкость аккумулятора: 3349 мА*ч / Тип матрицы: Super Retina XDR  / Габариты (В х Ш х Г): 7.8 х 71.6 х 159.9 мм,На витрине,
Смартфон Apple iPhone 15 6/128GB Blue,75290,Объем оперативной памяти: 6 GB / Объем встроенной памяти: 128 GB  / Емкость аккумулятора: 3349 мА*ч / Тип матрицы: Super Retina XDR  / Габариты (В х Ш х Г): 7.8 х 71.6 х 159.9 мм,На витрине,
Смартфон Honor 400 Lite 8/256GB Velvet Grey,28790,Объем оперативной памяти: 8 GB / Объем встроенной памяти: 256 GB  / Емкость аккумулятора: 5230 мА*ч / Тип матрицы: AMOLED  / Габариты (В х Ш х Г): 7.29 х 74.55 х 161 мм,Есть в наличии,
Ноутбук ARG A15 Air AMD Ryzen 5 3500U 16GB / SSD 512GB / AMD Radeon Vega 8 / Win 11,40690,Категория: Для работы и учебы  / Объем оперативной памяти: 16 GB  / Тип и объем накопителя: SSD 512GB  / Модель видеоадаптера: AMD® Radeon Vega 8  / Операционная система: Windows 11  / Модель процессора: 3500U  / Сканер отпечатков пальцев: Да,Есть в наличии,
Ноутбук Acer Nitro Lite i5-13420H 16GB / SSD 512GB / GeForce RTX 3050 6GB / NO OS / NH.DAAER.001,76290,Категория: Для игр и продакшена  / Объем оперативной памяти: 16 GB  / Тип и объем накопителя: SSD 512GB  / Модель видеоадаптера: RTX 3050 6GB  / Операционная система: Без ОС  / Модель процессора: 13420H  / Сканер отпечатков пальцев: Нет,На витрине,
Ноутбук Lenovo IdeaPad Slim 3 15ABR8 Ryzen 5-7520U 16GB / SSD 512GB / Radeon Graphics / NO OS / 82XQ00JPRK,45990,Категория: Для работы и учебы  / Объем оперативной памяти: 16 GB  / Тип и объем накопителя: SSD 512GB  / Модель видеоадаптера: AMD® Radeon™ Graphics  / Операционная система: Без ОС  / Модель процессора: 7520U  / Сканер отпечатков пальцев: Нет,На витрине,
Ноутбук Lenovo LOQ 15ARP10E Ryzen 7 7735HS 16GB / SSD 512GB / GeForce RTX 4050 6GB / NO OS / 83S00009RK,94990,Категория: Для игр и продакшена  / Объем оперативной памяти: 16 GB  / Тип и объем накопителя: SSD 512GB  / Модель видеоадаптера: RTX 4050 6GB  / Операционная система: Без ОС  / Модель процессора: 7735HS  / Сканер отпечатков пальцев: Нет,Есть в наличии,
Ноутбук Asus TUF Gaming A15 R7165SG35N AMD Ryzen 7 170 16 GB / SSD 512GB / RTX 3050 4GB / NO OS / 90NR0QE7-M001C0,72890,Категория: Для игр и продакшена  / Объем оперативной памяти: 16 GB  / Тип и объем накопителя: SSD 512GB  / Модель видеоадаптера: RTX 3050 4GB  / Операционная система: Без ОС  / Модель процессора: 170  / Сканер отпечатков пальцев: Нет,На витрине,
Ноутбук Asus TUF Gaming F16 FX607VJB-RL204 Core i5-210H 16GB / SSD 512GB / RTX 3050 4GB / NO OS / 90NR0MZ6-M00AT0,84790,Категория: Для игр и продакшена  / Объем оперативной памяти: 16 GB  / Тип и объем накопителя: SSD 512GB  / Модель видеоадаптера: RTX 3050 4GB  / Операционная система: Без ОС  / Модель процессора: 210H  / Сканер отпечатков пальцев: Нет,На витрине,
"Ноутбук Apple MacBook Neo Apple A18 Pro chip with 6 / 13"" / 8GB/ SSD 256GB / MacOS / Indigo / MHFF4RU/A",69190,Категория: Apple MacBook  / Объем оперативной памяти: 8 GB  / Тип и объем накопителя: SSD 256GB  / Модель видеоадаптера: Apple A18 Pro  / Операционная система: MacOS  / Модель процессора: Apple A18 Pro  / Сканер отпечатков пальцев: Да,Есть в наличии,
Ноутбук Acer Nitro V 15 Core i5 13420H 16 GB / SSD 512GB / RTX 5050 8GB / NO OS / NH.QZ7ER.001 / I5165SG55N,101690,Категория: Для игр и продакшена  / Объем оперативной памяти: 16 GB  / Тип и объем накопителя: SSD 512GB  / Модель видеоадаптера: RTX 5050 8GB  / Операционная система: Без ОС  / Модель процессора: 13420H  / Сканер отпечатков пальцев: Нет,Есть в наличии,
Ноутбук Lenovo LOQ 15ARP10E Ryzen 5  16GB / SSD 512GB / GeForce RTX 3050 6GB / NO OS / 83S000BNRK,86490,Категория: Для игр и продакшена  / Объем оперативной памяти: 16 GB  / Тип и объем накопителя: SSD 512GB  / Модель видеоадаптера: RTX 3050 6GB  / Операционная система: Без ОС  / Модель процессора: 150  / Сканер отпечатков пальцев: Нет,Есть в наличии,
Ноутбук ACER Aspire Lite 16 / NX.J5RER.002 / I385SUN,38990,Категория: Для работы и учебы  / Объем оперативной памяти: 8 GB  / Тип и объем накопителя: SSD 512GB  / Модель видеоадаптера: Intel® UHD Graphics  / Операционная система: Без ОС  / Модель процессора: 1305U  / Сканер отпечатков пальцев: Нет,На витрине,
Ноутбук Acer Nitro Lite 16 / NL16-71G / Intel Core i5 13420H / 16GB / SSD 512GB RTX 3050 6GB / NO OS / NH.D2AER.002 / I5165SG35N,74590,Категория: Для игр и продакшена  / Объем оперативной памяти: 16 GB  / Тип и объем накопителя: SSD 512GB  / Модель видеоадаптера: RTX 3050 6GB  / Операционная система: Без ОС  / Модель процессора: 13420H  / Сканер отпечатков пальцев: Нет,На витрине,
Ноутбук Acer Aspire Lite Intel-N N150 8GB / SSD 512GB / UHD Graphics / NO OS / NX.D2FER.002,35590,Категория: Для работы и учебы  / Объем оперативной памяти: 8 GB  / Тип и объем накопителя: SSD 512GB  / Модель видеоадаптера: Intel® UHD Graphics  / Операционная система: Без ОС  / Модель процессора: N150  / Сканер отпечатков пальцев: Нет,На витрине,
Ноутбук Asus TUF Gaming A16 R7165SG45N AMD Ryzen 7 170 16 GB / SSD 512GB / RTX 4050 6GB / NO OS / 90NR0QF3-M001W0,94990,Категория: Для игр и продакшена  / Объем оперативной памяти: 16 GB  / Тип и объем накопителя: SSD 512GB  / Модель видеоадаптера: RTX 4050 6GB  / Операционная система: Без ОС  / Модель процессора: 170  / Сканер отпечатков пальцев: Нет,На витрине,
Ноутбук Lenovo IdeaPad Slim 3 15IRU8 Intel Core i3 1315U 8GB / SSD 512GB / Integrated Intel UHD Graphics / NO OS / 82X700D6RK / I385SUN,42390,Категория: Для работы и учебы  / Объем оперативной памяти: 8 GB  / Тип и объем накопителя: SSD 512GB  / Модель видеоадаптера: Integrated Intel® UHD Graphics  / Операционная система: Без ОС  / Модель процессора: 1315U  / Сканер отпечатков пальцев: Нет,На витрине,
Ноутбук Acer Nitro V 15 Ryzen 5 6600H 16 GB / SSD 512GB / NVIDIA RTX 3050 6GB / NO OS / NH.QSHER.004,67790,Категория: Для игр и продакшена  / Объем оперативной памяти: 16 GB  / Тип и объем накопителя: SSD 512GB  / Модель видеоадаптера: RTX 3050 6GB  / Операционная система: Без ОС  / Модель процессора: 6600H  / Сканер отпечатков пальцев: Нет,На витрине,
Ноутбук Acer Gadget E10 JN21S Celeron N150 8 GB / SSD 256GB / Intel Graphics / Win 11 / ZL.OTH11.033,30590,Категория: Для работы и учебы  / Объем оперативной памяти: 8 GB  / Тип и объем накопителя: SSD 256GB  / Модель видеоадаптера: Intel® Graphics  / Операционная система: Windows 11  / Модель процессора: N150  / Сканер отпечатков пальцев: Нет,Есть в наличии,
Ноутбук Acer Nitro V 15 Intel Core i5 13420H 16GB / SSD 512GB / RTX 5060 8GB / DOS / NH.QZ8ER.001,108490,Категория: Для игр и продакшена  / Объем оперативной памяти: 16 GB  / Тип и объем накопителя: SSD 512GB  / Модель видеоадаптера: RTX 5060 8GB  / Операционная система: Без ОС  / Модель процессора: 13420H  / Сканер отпечатков пальцев: Нет,На витрине,
Ноутбук Asus Vivobook 15 X1504VA-BQ3126W ultra 5 120U / SSD 512GB / UHD Graphics / Win 11 / 90NB13Y1-M012N0,57690,Категория: Для работы и учебы  / Объем оперативной памяти: 8 GB  / Тип и объем накопителя: SSD 512GB  / Модель видеоадаптера: Intel® Graphics  / Операционная система: Windows 11  / Модель процессора: 120U  / Сканер отпечатков пальцев: Нет,На витрине,
Ноутбук Acer Aspire Lite 15 AL15-45P AMD Ryzen 7 5825U 16GB / SSD 512GB / AMD Radeon RX Vega 8 / DOS / NX.DLQER.001,59390,Категория: Для работы и учебы  / Объем оперативной памяти: 16 GB  / Тип и объем накопителя: SSD 512GB  / Модель видеоадаптера: AMD® Radeon Vega 8  / Операционная система: Без ОС  / Модель процессора: 5825U  / Сканер отпечатков пальцев: Нет,На витрине,
Ноутбук Acer Nitro V 15 Ryzen 5 150 16GB / SSD 512GB / RTX 5060 8GB / NO OS / NH.U3RER.003,101690,Категория: Для игр и продакшена  / Объем оперативной памяти: 16 GB  / Тип и объем накопителя: SSD 512GB  / Модель видеоадаптера: RTX 5060 8GB  / Операционная система: Без ОС  / Модель процессора: 150  / Сканер отпечатков пальцев: Нет,На витрине,
Ноутбук Apple MacBook Air 2020 M1 / 13″ / 8GB / SSD 256GB / MacOS / Space Gray / MGN63,77990,Категория: Apple MacBook  / Объем оперативной памяти: 8 GB  / Тип и объем накопителя: SSD 256GB  / Модель видеоадаптера: Apple M1  / Операционная система: MacOS  / Модель процессора: Apple M1  / Сканер отпечатков пальцев: Да,Есть в наличии,
Ноутбук Asus Vivobook Go 15 E1504GA-BQ610 Core i3-N305 8GB / SSD 256GB / UHD Graphics / NO OS / 90NB0ZT2-M02510,37290,Категория: Для работы и учебы  / Объем оперативной памяти: 8 GB  / Тип и объем накопителя: SSD 256GB  / Модель видеоадаптера: Intel® UHD Graphics  / Операционная система: Без ОС  / Модель процессора: N305  / Сканер отпечатков пальцев: Нет,На витрине,
LED телевизор ARG LD32D7500,11090,"Диагональ экрана: 32″ - 81,3 см  / Разрешение: 1280x720 (HD)  / Технология: LED  / Smart TV: Да  / Количество HDMI портов: 2  / Цвет: Черный",Есть в наличии,
LED телевизор LG 43LM5772PLA,27990,"Диагональ экрана: 43″ - 109,2 см  / Разрешение: 1920х1080 (FullHD)  / Технология: LED  / Smart TV: Да  / Количество HDMI портов: 2  / Цвет: Черный",Есть в наличии,
LED телевизор ARG LD65D7500,33890,"Диагональ экрана: 65″ -165,1 см  / Разрешение: 3840x2160 (4K UHD)  / Технология: LED  / Smart TV: Да  / Количество HDMI портов: 3  / Цвет: Черный",На витрине,
LED TV ACRON LD55D7500,27190,"Диагональ экрана: 55″ - 139,7см  / Разрешение: 3840x2160 (4K UHD)  / Технология: LED  / Smart TV: Да  / Количество HDMI портов: 2  / Цвет: Черный",Есть в наличии,
LED телевизор LG 32LQ630B6LA,21190,"Диагональ экрана: 32″ - 81,3 см  / Разрешение: 1280x720 (HD)  / Технология: LED  / Smart TV: Да  / Количество HDMI портов: 1  / Цвет: Черный",На витрине,
LED телевизор LG 55UA73006LA,43990,"Диагональ экрана: 55″ - 139,7см  / Разрешение: 3840x2160 (4K UHD)  / Технология: LED  / Smart TV: Да  / Количество HDMI портов: 3  / Цвет: Черно-серый",Есть в наличии,
LED телевизор ARG LD50D8500,26290,Диагональ экрана: 50″ - 127 см  / Разрешение: 3840x2160 (4K UHD)  / Технология: LED  / Smart TV: Да  / Количество HDMI портов: 2  / Цвет: Черный,Есть в наличии,
LED телевизор Samsung UE75U8000FUXCE,86990,"Диагональ экрана: 75″ - 190,5 см  / Разрешение: 3840x2160 (4K UHD)  / Технология: LED  / Smart TV: Да  / Количество HDMI портов: 4  / Цвет: Черный",На витрине,
OLED телевизор LG OLED55C5RLA,136990,"Диагональ экрана: 55″ - 139,7см  / Разрешение: 3840x2160 (4K UHD)  / Технология: OLED  / Smart TV: Да  / Количество HDMI портов: 4  / Цвет: Черный",Есть в наличии,
LED телевизор ARG A55U1C1,33890,"Диагональ экрана: 55″ - 139,7см  / Разрешение: 3840x2160 (4K UHD)  / Технология: LED  / Smart TV: Да  / Количество HDMI портов: 3  / Цвет: Черный",Есть в наличии,
LED телевизор ARG A70U1C1,42990,"Диагональ экрана: 70″ - 177,8 см  / Разрешение: 3840x2160 (4K UHD)  / Технология: LED  / Smart TV: Да  / Количество HDMI портов: 3  / Цвет: Черный",Есть в наличии,
LED телевизор LG 43UA73006LA,31390,"Диагональ экрана: 43″ - 109,2 см  / Разрешение: 3840x2160 (4K UHD)  / Технология: LED  / Smart TV: Да  / Количество HDMI портов: 3  / Цвет: Черно-серый",На витрине,
QLED телевизор Samsung QE43Q7FAAUXCE,44090,Диагональ экрана: 43″ - 108 см  / Разрешение: 3840x2160 (4K UHD)  / Технология: QLED  / Smart TV: Да  / Количество HDMI портов: 4  / Цвет: Черный,Есть в наличии,
LED телевизор ARG A65U1C1,34990,"Диагональ экрана: 65″ -165,1 см  / Разрешение: 3840x2160 (4K UHD)  / Технология: LED  / Smart TV: Да  / Количество HDMI портов: 3  / Цвет: Черный",Есть в наличии,
OLED телевизор Samsung QE65S85FAEXCE,166190,"Диагональ экрана: 65″ -165,1 см  / Разрешение: 3840x2160 (4K UHD)  / Технология: OLED  / Smart TV: Да  / Количество HDMI портов: 4  / Цвет: Черный",Есть в наличии,
OLED телевизор LG OLED65C5RLA,188990,"Диагональ экрана: 65″ -165,1 см  / Разрешение: 3840x2160 (4K UHD)  / Технология: OLED  / Smart TV: Да  / Количество HDMI портов: 4  / Цвет: Черный",Есть в наличии,
LED телевизор LG 65NANO80A6B,77990,"Диагональ экрана: 65″ -165,1 см  / Разрешение: 3840x2160 (4K UHD)  / Технология: NanoCell  / Smart TV: Да  / Количество HDMI портов: 3  / Цвет: Черно-серый",Есть в наличии,
QNED телевизор LG 75QNED70A6A,101690,"Диагональ экрана: 75″ - 190,5 см  / Разрешение: 3840x2160 (4K UHD)  / Технология: QLED  / Smart TV: Да  / Количество HDMI портов: 3  / Цвет: Черный",На витрине,
Neo QLED телевизор Samsung QE65QN70FAUXCE,118690,"Диагональ экрана: 65″ -165,1 см  / Разрешение: 3840x2160 (4K UHD)  / Технология: Mini-LED  / Smart TV: Да  / Количество HDMI портов: 4  / Цвет: Черный",На витрине,
LED TV ACRON LD65D7500,35590,"Диагональ экрана: 65″ -165,1 см  / Разрешение: 3840x2160 (4K UHD)  / Технология: LED  / Smart TV: Да  / Количество HDMI портов: 2  / Цвет: Черный",Есть в наличии,
QLED телевизор ARG A65Q1C3,49190,"Диагональ экрана: 65″ -165,1 см  / Разрешение: 3840x2160 (4K UHD)  / Технология: QLED  / Smart TV: Да  / Количество HDMI портов: 3  / Цвет: Черный",Есть в наличии,
QLED телевизор Samsung QE75Q7F5AUXCE,115290,"Диагональ экрана: 75″ - 190,5 см  / Разрешение: 3840x2160 (4K UHD)  / Технология: QLED  / Smart TV: Да  / Количество HDMI портов: 4  / Цвет: Черный",На витрине,
Обогреватель масляный Electrolux Sphere EOH/M-6221 - 11,5990,Тип: Масляный  / Монтаж: Напольный  / Площадь обогрева: 27 м² / Мощность обогрева: 2200 Вт / Тип управления: Механическое  / Термостат: Да,Есть в наличии,
Тепловентилятор ARG W-HF1708,1690,Тип: Тепловентилятор  / Монтаж: Напольный  / Площадь обогрева: 15 м² / Мощность обогрева: 2000 Вт / Тип управления: Механическое  / Термостат: Да,Есть в наличии,
Обогреватель масляный Electrolux EOHM-4221,7690,Тип: Масляный  / Монтаж: Напольный  / Площадь обогрева: 27 м² / Мощность обогрева: 2200 Вт / Тип управления: Механическое  / Термостат: Да,Есть в наличии,
Тепловентилятор Ресанта ТВС-1 2кВт,1090,Тип: Тепловентилятор  / Монтаж: Настольный  / Площадь обогрева: 20 м² / Мощность обогрева: 2000 Вт / Тип управления: Механическое  / Термостат: Да,Есть в наличии,
Тепловентилятор Ресанта ТВС-2  2 кВт,1190,Тип: Тепловентилятор  / Площадь обогрева: 20 м² / Мощность обогрева: 2000 Вт / Тип управления: Механическое  / Термостат: Да,Есть в наличии,
Обогреватель конвекторный Electolux ECH/RI-2000,7690,Тип: Конвекторный  / Монтаж: Напольный  / Площадь обогрева: 20 м² / Мощность обогрева: 2000 Вт / Тип управления: Сенсорное (электронное)  / Термостат: Да,Есть в наличии,
Тепловентилятор ARG W-HC1847,3590,Тип: Тепловентилятор  / Монтаж: Напольный  / Площадь обогрева: 20 м² / Мощность обогрева: 2000 Вт / Тип управления: Механическое  / Термостат: Да,Есть в наличии,
Тепловентилятор Eleсtrolux EFH/С-5115 Black,2290,Тип: Тепловентилятор  / Монтаж: Настольный  / Площадь обогрева: 20 м² / Мощность обогрева: 1500 Вт / Тип управления: Механическое  / Термостат: Да,Есть в наличии,
Обогреватель масляный Ресанта ОМ-9Н,4090,Тип: Масляный  / Монтаж: Напольный  / Площадь обогрева: 20 м² / Мощность обогрева: 2000 Вт / Тип управления: Механическое  / Термостат: Да,Есть в наличии,
Тепловентилятор ARG W-HC1603 Black,2290,Тип: Тепловентилятор  / Монтаж: Напольный  / Площадь обогрева: 15 м² / Мощность обогрева: 1500 Вт / Тип управления: Механическое  / Термостат: Да,Есть в наличии,
Тепловентилятор ARG W-HF1705,1090,Тип: Тепловентилятор  / Монтаж: Напольный  / Площадь обогрева: 10 м² / Мощность обогрева: 2000 Вт / Тип управления: Механическое  / Термостат: Нет,Есть в наличии,
Обогреватель конвекторный ARG CPH-05-2500,5090,Тип: Конвекторный  / Монтаж: Напольный  / Площадь обогрева: 25 м² / Мощность обогрева: 2500 Вт / Тип управления: Механическое  / Термостат: Да,Есть в наличии,
Обогреватель масляный ARG W-HOF99-9,4590,Тип: Масляный  / Монтаж: Напольный  / Площадь обогрева: 20 м² / Мощность обогрева: 2000 Вт / Тип управления: Механическое,Есть в наличии,
Тепловентилятор ARG W-HC1603 White,2290,Тип: Тепловентилятор  / Монтаж: Напольный  / Площадь обогрева: 15 м² / Мощность обогрева: 1500 Вт / Тип управления: Механическое  / Термостат: Да,Есть в наличии,
Тепловентилятор Eleсtrolux EFH/С-5115 White,2290,Тип: Тепловентилятор  / Монтаж: Настольный  / Площадь обогрева: 20 м² / Мощность обогрева: 1500 Вт / Тип управления: Механическое  / Термостат: Да,На витрине,
Обогреватель масляный ARG YL-A86 11,5090,Тип: Масляный  / Монтаж: Напольный  / Площадь обогрева: 25 м² / Мощность обогрева: 2500 Вт / Тип управления: Механическое  / Термостат: Да,Есть в наличии,
Обогреватель конвекторный Electrolux ECH/AS-2000ЕR,6790,"Тип: Конвекторный  / Монтаж: Настенный, напольный  / Площадь обогрева: 25 м² / Мощность обогрева: 2000 Вт / Тип управления: Механическое  / Термостат: Да",Есть в наличии,
Обогреватель масляный Ресанта ОМПТ-9Н,4090,Тип: Масляный  / Монтаж: Напольный  / Площадь обогрева: 20 м² / Мощность обогрева: 2000 Вт / Тип управления: Механическое  / Термостат: Да,Есть в наличии,
Обогреватель масляный Ресанта ОМПТ- 9НЧ,4590,Тип: Масляный  / Монтаж: Напольный  / Площадь обогрева: 20 м² / Мощность обогрева: 2000 Вт / Тип управления: Механическое  / Термостат: Да,Есть в наличии,
